review_date,star_rating,helpful_votes,total_votes,vine,verified_purchase
2015-08-31,3,6,9,3,0
2015-08-30,5,0,0,0,5
2015-08-30,1,0,0,0,1
2015-08-28,5,0,0,0,5
2015-08-28,5,15,20,0,5
2015-08-28,5,15,15,0,5
2015-08-27,3,0,0,0,3
2015-08-27,5,0,0,0,5
2015-08-27,5,0,0,0,5
2015-08-26,5,0,0,0,5
2015-08-26,5,0,5,0,0
2015-08-26,5,10,10,0,5
2015-08-25,5,0,0,0,5
2015-08-25,4,4,8,4,0
2015-08-25,4,0,0,0,4
2015-08-25,5,0,0,0,5
2015-08-25,5,0,0,0,5
2015-08-25,4,16,16,0,4
2015-08-25,1,0,0,0,1
2015-08-25,5,0,0,0,5
2015-08-24,5,0,0,0,5
2015-08-24,1,0,0,0,1
2015-08-24,2,0,0,0,2
2015-08-23,5,0,0,0,5
2015-08-23,5,10,10,0,5
2015-08-22,2,0,0,0,2
2015-08-22,5,0,0,0,5
2015-08-20,5,0,0,0,5
2015-08-20,5,5,5,0,5
2015-08-20,4,0,0,4,0
2015-08-19,5,0,0,0,5
2015-08-19,1,0,0,0,1
2015-08-19,5,0,0,0,5
2015-08-18,5,0,0,0,5
2015-08-18,1,0,0,0,1
2015-08-17,5,10,10,5,0
2015-08-16,5,0,0,0,5
2015-08-15,5,0,0,0,5
2015-08-15,5,20,20,5,0
2015-08-15,4,0,0,0,4
2015-08-14,4,0,0,0,4
2015-08-14,5,0,0,0,5
2015-08-14,5,35,35,5,0
2015-08-14,4,0,0,0,4
2015-08-14,5,10,10,5,0
2015-08-13,4,4,4,4,0
2015-08-12,5,0,0,0,0
2015-08-12,5,0,0,0,5
2015-08-12,3,0,0,0,3
2015-08-12,4,0,0,0,4
2015-08-12,5,0,0,0,5
2015-08-12,2,0,0,0,0
2015-08-12,5,0,0,0,5
2015-08-12,3,0,6,0,3
2015-08-11,5,0,0,0,5
2015-08-11,5,0,0,0,5
2015-08-11,5,15,15,0,5
2015-08-11,5,0,0,0,5
2015-08-11,5,0,0,0,5
2015-08-10,5,15,15,0,5
2015-08-10,5,0,0,0,5
2015-08-10,5,5,5,0,5
2015-08-10,5,0,0,0,5
2015-08-10,3,0,0,0,3
2015-08-10,5,0,0,0,5
2015-08-10,3,0,3,0,3
2015-08-10,5,0,0,0,5
2015-08-10,5,15,15,0,5
2015-08-10,3,0,9,0,3
2015-08-08,5,35,35,0,5
2015-08-07,5,20,25,0,5
2015-08-07,2,0,0,0,2
2015-08-07,5,0,0,0,5
2015-08-06,5,5,5,0,5
2015-08-05,5,0,0,0,5
2015-08-05,5,15,15,0,5
2015-08-05,5,0,0,0,5
2015-08-04,5,0,0,0,5
2015-08-04,5,0,0,0,0
2015-08-03,5,0,0,0,0
2015-08-03,5,0,0,0,5
2015-08-03,1,0,3,0,1
2015-08-03,5,5,5,0,5
2015-08-02,5,5,5,0,5
2015-08-02,1,0,0,0,1
2015-08-01,5,0,0,0,5
2015-07-31,4,0,0,0,4
2015-07-31,5,0,0,0,0
2015-07-31,5,0,0,0,5
2015-07-31,5,0,0,0,5
2015-07-30,2,0,0,0,2
2015-07-30,4,0,0,0,4
2015-07-30,1,0,0,0,1
2015-07-29,3,0,0,0,3
2015-07-29,5,0,0,0,5
2015-07-29,5,0,0,0,5
2015-07-28,1,0,3,0,1
2015-07-28,3,12,15,0,3
2015-07-28,3,0,0,0,3
2015-07-28,5,0,0,0,5
2015-07-28,3,0,0,0,3
2015-07-28,5,0,0,0,5
2015-07-28,4,0,0,0,4
2015-07-28,5,5,10,0,5
2015-07-28,5,0,0,0,5
2015-07-28,3,0,0,0,3
2015-07-27,2,0,0,0,2
2015-07-26,5,0,0,0,5
2015-07-25,5,0,0,0,5
2015-07-24,3,6,6,0,3
2015-07-23,1,1,1,0,1
2015-07-22,5,0,0,0,5
2015-07-22,5,0,0,0,5
2015-07-22,5,0,0,0,5
2015-07-21,5,20,25,0,5
2015-07-21,4,0,0,0,4
2015-07-21,5,0,0,0,5
2015-07-21,4,0,0,0,4
2015-07-20,5,0,0,0,5
2015-07-20,5,0,0,0,5
2015-07-20,2,0,0,0,2
2015-07-20,5,0,0,0,0
2015-07-20,3,0,6,0,3
2015-07-19,1,0,0,0,1
2015-07-17,2,0,0,0,2
2015-07-17,1,0,0,0,1
2015-07-16,5,0,5,0,0
2015-07-16,5,0,5,0,0
2015-07-16,4,0,0,0,4
2015-07-15,5,0,0,0,5
2015-07-15,5,10,10,0,5
2015-07-14,5,0,0,0,0
2015-07-14,1,0,0,0,1
2015-07-14,5,0,0,0,5
2015-07-14,5,0,0,0,5
2015-07-14,5,0,0,0,5
2015-07-14,5,0,0,0,5
2015-07-13,5,0,0,0,5
2015-07-13,4,0,4,0,4
2015-07-13,3,0,0,0,3
2015-07-12,1,0,1,0,1
2015-07-12,3,0,0,0,3
2015-07-12,5,10,10,0,5
2015-07-12,5,0,0,0,5
2015-07-12,5,0,0,0,5
2015-07-11,5,0,0,0,5
2015-07-11,5,0,0,0,5
2015-07-11,4,0,0,0,4
2015-07-11,1,0,0,0,1
2015-07-11,5,0,0,0,5
2015-07-11,5,5,5,0,5
2015-07-11,4,0,0,0,4
2015-07-10,5,5,5,0,5
2015-07-10,1,0,0,0,1
2015-07-10,5,0,0,0,5
2015-07-09,5,0,0,0,5
2015-07-09,5,0,0,0,5
2015-07-09,5,5,5,0,5
2015-07-09,1,0,0,0,1
2015-07-08,4,0,0,0,4
2015-07-08,5,0,0,0,5
2015-07-08,1,0,0,0,1
2015-07-07,4,4,4,0,4
2015-07-07,1,0,0,0,1
2015-07-07,1,0,0,0,0
2015-07-07,5,0,0,0,5
2015-07-07,2,0,0,0,2
2015-07-06,5,0,0,0,5
2015-07-06,5,0,0,0,5
2015-07-06,5,0,0,0,5
2015-07-06,5,0,0,0,5
2015-07-06,5,10,10,0,0
2015-07-06,4,0,0,0,4
2015-07-05,5,5,5,0,5
2015-07-05,1,0,0,0,1
2015-07-05,5,0,0,0,5
2015-07-04,5,0,0,0,5
2015-07-03,5,0,0,0,5
2015-07-02,5,0,0,0,5
2015-07-01,1,0,0,0,1
2015-07-01,5,0,0,0,5
2015-07-01,5,0,0,0,5
2015-06-30,5,5,5,0,5
2015-06-29,4,0,0,0,4
2015-06-29,5,0,0,0,5
2015-06-29,2,2,2,0,2
2015-06-28,5,0,0,0,5
2015-06-28,3,0,0,0,3
2015-06-27,1,0,0,0,1
2015-06-27,5,0,0,0,5
2015-06-27,5,0,0,0,5
2015-06-25,1,0,0,0,1
2015-06-25,4,0,0,0,4
2015-06-25,1,1,1,0,1
2015-06-25,1,0,0,0,1
2015-06-25,5,0,0,0,5
2015-06-25,4,0,0,0,4
2015-06-24,4,0,0,0,4
2015-06-24,4,0,0,0,4
2015-06-23,4,0,0,0,4
2015-06-22,2,0,0,0,2
2015-06-21,1,0,0,0,1
2015-06-21,1,0,0,0,1
2015-06-20,2,0,0,0,2
2015-06-19,1,1,2,0,1
2015-06-18,5,0,0,0,5
2015-06-18,1,0,0,0,0
2015-06-18,5,0,0,0,5
2015-06-16,5,5,10,0,0
2015-06-16,1,0,0,0,1
2015-06-16,5,0,0,0,5
2015-06-16,5,0,0,0,5
2015-06-15,5,5,5,0,5
2015-06-15,5,0,0,0,5
2015-06-15,5,0,0,0,5
2015-06-15,2,0,0,0,0
2015-06-14,2,2,2,0,2
2015-06-14,5,0,0,0,5
2015-06-14,1,0,0,0,1
2015-06-13,5,0,0,0,5
2015-06-12,5,0,0,0,5
2015-06-12,5,0,0,0,5
2015-06-12,5,0,0,0,5
2015-06-11,5,0,0,0,5
2015-06-11,5,15,15,0,5
2015-06-11,4,0,0,0,4
2015-06-11,4,4,4,0,4
2015-06-09,5,0,0,0,5
2015-06-09,2,0,0,0,2
2015-06-08,5,0,0,0,0
2015-06-08,4,0,0,0,4
2015-06-08,3,0,0,0,3
2015-06-08,5,0,0,0,5
2015-06-08,1,8,10,0,1
2015-06-08,5,0,0,0,5
2015-06-07,5,0,0,0,5
2015-06-07,5,0,0,0,5
2015-06-06,5,0,0,0,5
2015-06-06,5,5,5,0,5
2015-06-06,3,18,21,0,3
2015-06-06,1,0,0,0,1
2015-06-05,1,0,0,0,1
2015-06-04,4,0,0,0,4
2015-06-04,5,15,15,0,5
2015-06-04,5,0,0,0,5
2015-06-03,5,0,0,0,5
2015-06-03,1,0,0,0,1
2015-06-03,5,0,0,0,5
2015-06-02,1,1,1,0,0
2015-06-02,5,0,0,0,5
2015-06-01,5,0,0,0,5
2015-06-01,5,25,25,0,5
2015-06-01,5,0,0,0,5
2015-06-01,4,0,0,0,0
2015-06-01,5,0,0,0,5
2015-06-01,5,0,0,0,5
2015-05-31,2,8,8,0,2
2015-05-30,4,0,0,0,4
2015-05-30,5,0,0,0,5
2015-05-29,4,0,0,0,4
2015-05-29,5,10,10,0,5
2015-05-29,4,0,0,0,4
2015-05-28,4,0,0,0,4
2015-05-27,5,0,0,0,5
2015-05-27,3,0,0,0,3
2015-05-27,5,0,0,0,5
2015-05-27,5,5,5,0,5
2015-05-27,4,12,12,0,4
2015-05-27,4,0,0,0,4
2015-05-26,4,0,0,0,4
2015-05-26,4,0,0,0,4
2015-05-26,5,0,0,0,5
2015-05-26,1,0,0,0,1
2015-05-26,5,0,0,0,5
2015-05-25,3,0,0,0,3
2015-05-23,5,0,0,0,5
2015-05-23,4,0,0,0,4
2015-05-22,5,0,0,0,5
2015-05-22,5,10,10,0,5
2015-05-22,4,0,0,0,4
2015-05-21,2,0,6,0,2
2015-05-21,5,0,0,0,5
2015-05-20,1,0,0,0,1
2015-05-19,5,0,0,0,5
2015-05-19,5,0,5,0,5
2015-05-19,3,3,3,0,3
2015-05-18,5,0,0,0,5
2015-05-17,5,0,0,0,5
2015-05-16,5,0,0,0,5
2015-05-15,5,0,0,0,5
2015-05-15,3,0,0,0,3
2015-05-15,5,15,15,0,5
2015-05-14,1,0,0,0,1
2015-05-14,5,0,0,0,5
2015-05-14,1,0,0,0,1
2015-05-13,4,0,0,0,4
2015-05-12,3,0,0,0,3
2015-05-12,4,4,4,0,4
2015-05-12,3,0,3,0,3
2015-05-12,4,0,0,0,4
2015-05-08,1,0,0,0,1
2015-05-08,5,0,0,0,5
2015-05-08,5,0,0,0,5
2015-05-07,5,0,0,0,5
2015-05-07,5,0,0,0,5
2015-05-07,5,5,5,0,5
2015-05-07,4,0,0,0,4
2015-05-06,1,2,2,0,1
2015-05-05,1,0,0,0,1
2015-05-04,1,2,2,0,1
2015-05-04,2,0,0,0,2
2015-05-04,4,0,0,0,4
2015-05-03,5,5,5,0,5
2015-05-02,5,0,0,0,5
2015-05-01,5,0,0,0,5
2015-04-30,5,15,15,0,5
2015-04-29,5,0,0,0,5
2015-04-29,5,0,0,0,5
2015-04-29,5,0,0,0,5
2015-04-29,5,0,0,0,5
2015-04-29,4,0,0,0,4
2015-04-28,5,5,5,0,5
2015-04-28,1,0,0,0,1
2015-04-27,5,0,0,0,5
2015-04-27,2,0,0,0,2
2015-04-27,5,0,0,0,5
2015-04-27,5,0,0,0,5
2015-04-27,4,12,12,0,4
2015-04-25,5,0,0,0,5
2015-04-25,5,15,15,0,5
2015-04-24,5,0,0,0,5
2015-04-24,3,0,0,0,3
2015-04-24,5,0,0,0,5
2015-04-24,5,0,0,0,5
2015-04-24,4,0,0,0,4
2015-04-24,5,0,0,0,5
2015-04-24,5,0,0,0,5
2015-04-23,5,0,0,0,5
2015-04-21,5,0,0,0,5
2015-04-21,5,0,0,0,5
2015-04-21,1,1,1,0,1
2015-04-21,2,0,0,0,2
2015-04-20,3,0,0,0,3
2015-04-20,5,5,5,0,5
2015-04-20,5,0,0,0,5
2015-04-20,5,0,0,0,0
2015-04-20,5,0,0,0,5
2015-04-19,2,0,0,0,2
2015-04-19,5,0,0,0,5
2015-04-19,5,0,0,0,5
2015-04-19,5,0,0,0,5
2015-04-18,5,0,0,0,5
2015-04-18,5,0,5,0,5
2015-04-18,5,0,0,0,5
2015-04-17,5,0,0,0,5
2015-04-16,5,0,0,0,5
2015-04-16,5,0,0,0,5
2015-04-16,3,3,3,0,3
2015-04-16,4,0,0,0,4
2015-04-14,2,0,4,0,2
2015-04-14,1,1,1,0,1
2015-04-13,5,15,15,0,5
2015-04-13,4,12,12,0,4
2015-04-13,1,0,0,0,1
2015-04-13,4,0,0,0,4
2015-04-11,5,0,0,0,5
2015-04-10,5,0,0,0,5
2015-04-10,5,0,0,0,5
2015-04-09,4,0,0,0,4
2015-04-09,5,0,0,0,5
2015-04-08,4,0,0,0,4
2015-04-07,5,0,0,0,5
2015-04-07,1,0,0,0,1
2015-04-06,3,0,0,0,3
2015-04-06,5,0,0,0,5
2015-04-05,1,0,1,0,1
2015-04-05,4,0,0,0,4
2015-04-05,5,0,0,0,5
2015-04-05,5,0,0,0,5
2015-04-03,5,15,15,0,0
2015-04-02,5,5,5,0,5
2015-04-02,3,0,0,0,3
2015-04-02,4,0,0,0,4
2015-04-02,5,5,5,0,5
2015-04-02,4,0,0,0,4
2015-04-02,5,0,0,0,5
2015-04-01,3,0,0,0,3
2015-04-01,5,0,0,0,5
2015-04-01,2,0,2,0,0
2015-04-01,5,5,5,0,5
2015-04-01,5,0,0,0,5
2015-03-31,1,0,0,0,1
2015-03-31,1,0,0,0,1
2015-03-30,1,0,0,0,1
2015-03-30,5,0,0,0,5
2015-03-30,5,0,0,0,5
2015-03-29,1,0,0,0,1
2015-03-29,5,0,0,0,5
2015-03-29,5,5,5,0,5
2015-03-29,5,0,0,0,5
2015-03-28,1,0,0,0,1
2015-03-28,5,0,0,0,5
2015-03-27,5,0,0,0,5
2015-03-27,5,5,5,0,5
2015-03-27,5,0,0,0,5
2015-03-26,1,2,2,0,1
2015-03-26,5,0,5,0,5
2015-03-26,4,12,12,0,4
2015-03-26,1,0,0,0,1
2015-03-25,5,0,0,0,5
2015-03-25,5,0,0,0,5
2015-03-25,1,0,0,0,1
2015-03-24,1,1,1,0,1
2015-03-24,5,0,0,0,0
2015-03-23,5,0,0,0,0
2015-03-23,3,18,18,0,3
2015-03-23,5,0,0,0,5
2015-03-22,3,0,0,0,3
2015-03-22,5,0,0,0,5
2015-03-22,5,0,0,0,5
2015-03-21,5,0,0,0,5
2015-03-21,5,0,0,0,5
2015-03-21,5,20,20,0,5
2015-03-20,5,0,0,0,5
2015-03-20,4,0,0,0,4
2015-03-20,5,0,0,0,5
2015-03-19,1,0,0,0,1
2015-03-18,1,0,1,0,1
2015-03-18,5,5,5,0,5
2015-03-18,5,0,0,0,5
2015-03-16,2,0,0,0,2
2015-03-16,4,0,0,0,4
2015-03-15,5,0,0,0,5
2015-03-15,5,0,0,0,5
2015-03-15,1,0,0,0,1
2015-03-14,1,1,1,0,1
2015-03-14,5,10,10,0,5
2015-03-14,5,0,0,0,5
2015-03-14,5,5,5,0,5
2015-03-14,5,0,0,0,5
2015-03-13,5,0,0,0,5
2015-03-13,5,0,0,0,5
2015-03-13,1,0,0,0,1
2015-03-13,4,0,4,0,4
2015-03-13,4,16,20,0,4
2015-03-12,5,5,5,0,5
2015-03-12,5,0,0,0,0
2015-03-12,5,20,25,0,5
2015-03-12,5,0,5,0,5
2015-03-12,5,0,0,0,5
2015-03-12,5,20,20,0,5
2015-03-11,5,0,0,0,5
2015-03-11,2,0,0,0,2
2015-03-11,5,0,0,0,5
2015-03-10,3,0,0,0,3
2015-03-10,4,0,0,0,4
2015-03-10,5,0,0,0,5
2015-03-10,5,0,0,0,5
2015-03-10,5,0,0,0,5
2015-03-10,1,0,0,0,1
2015-03-10,5,0,0,0,5
2015-03-10,5,0,0,0,5
2015-03-08,4,0,0,0,4
2015-03-07,2,0,4,0,0
2015-03-07,5,0,0,0,5
2015-03-07,5,0,0,0,5
2015-03-06,5,0,0,0,5
2015-03-06,5,0,0,0,5
2015-03-05,3,0,0,0,3
2015-03-04,5,5,5,0,5
2015-03-04,2,0,0,0,2
2015-03-04,5,0,0,0,5
2015-03-03,5,0,0,0,5
2015-03-03,5,0,0,0,5
2015-03-03,4,0,0,0,4
2015-03-02,3,0,0,0,3
2015-03-02,5,0,0,0,5
2015-03-02,1,0,0,0,1
2015-03-02,1,0,0,0,1
2015-03-02,5,15,15,0,5
2015-03-02,5,0,5,0,5
2015-03-01,2,0,0,0,2
2015-03-01,4,0,0,0,4
2015-03-01,1,0,0,0,1
2015-03-01,5,0,0,0,5
2015-02-28,5,0,0,0,5
2015-02-28,5,0,0,0,5
2015-02-27,5,5,5,0,5
2015-02-27,5,0,0,0,5
2015-02-27,5,5,5,0,5
2015-02-27,4,0,0,0,4
2015-02-26,1,0,0,0,1
2015-02-26,1,0,0,0,1
2015-02-25,4,0,0,0,4
2015-02-25,1,2,2,0,1
2015-02-25,4,12,16,0,4
2015-02-25,5,0,0,0,5
2015-02-24,4,0,0,0,4
2015-02-24,5,0,0,0,5
2015-02-24,5,0,0,0,5
2015-02-24,4,0,0,0,4
2015-02-23,5,0,0,0,5
2015-02-22,5,0,0,0,5
2015-02-22,5,0,0,0,5
2015-02-22,1,0,1,0,1
2015-02-22,5,0,0,0,5
2015-02-20,5,30,30,0,5
2015-02-19,5,0,0,0,5
2015-02-19,5,0,0,0,5
2015-02-19,1,0,0,0,1
2015-02-18,5,0,0,0,5
2015-02-18,3,0,0,0,3
2015-02-18,5,0,0,0,5
2015-02-18,5,0,0,0,5
2015-02-17,5,0,0,0,5
2015-02-17,5,0,0,0,0
2015-02-17,5,0,0,0,5
2015-02-16,5,0,0,0,0
2015-02-16,5,0,0,0,5
2015-02-16,5,0,0,0,5
2015-02-15,5,0,0,0,5
2015-02-15,4,0,0,0,4
2015-02-15,5,0,0,0,5
2015-02-14,1,0,0,0,1
2015-02-14,3,0,0,0,3
2015-02-13,3,0,0,0,3
2015-02-10,5,0,0,0,5
2015-02-10,5,0,0,0,5
2015-02-10,5,0,0,0,5
2015-02-09,4,0,0,0,4
2015-02-09,5,0,0,0,5
2015-02-08,5,0,0,0,5
2015-02-08,4,0,0,0,0
2015-02-08,1,0,0,0,1
2015-02-08,5,0,0,0,5
2015-02-07,5,0,0,0,5
2015-02-06,3,0,0,0,0
2015-02-05,4,8,8,0,4
2015-02-05,4,0,0,0,4
2015-02-05,3,0,0,0,3
2015-02-05,4,0,0,0,4
2015-02-05,5,0,0,0,5
2015-02-04,5,0,0,0,5
2015-02-04,5,0,0,0,5
2015-02-04,5,0,0,0,5
2015-02-03,5,0,0,0,5
2015-02-03,1,0,0,0,1
2015-02-03,5,5,5,0,5
2015-02-03,5,0,0,0,5
2015-02-02,4,8,8,0,4
2015-01-31,5,5,5,0,5
2015-01-31,5,0,0,0,5
2015-01-30,5,0,0,0,5
2015-01-30,1,0,0,0,1
2015-01-30,5,0,0,0,5
2015-01-29,3,0,0,0,3
2015-01-28,2,0,0,0,2
2015-01-28,5,0,0,0,5
2015-01-28,3,0,0,0,3
2015-01-26,5,0,0,0,5
2015-01-26,1,0,0,0,1
2015-01-26,5,0,0,0,5
2015-01-25,2,0,0,0,2
2015-01-25,5,0,0,0,5
2015-01-23,5,45,45,0,0
2015-01-23,2,0,0,0,2
2015-01-23,1,0,0,0,1
2015-01-23,2,0,0,0,2
2015-01-22,5,0,0,0,5
2015-01-22,4,0,0,0,0
2015-01-22,4,8,8,0,0
2015-01-22,2,0,0,0,2
2015-01-22,5,10,10,0,5
2015-01-22,5,0,0,0,5
2015-01-21,2,0,0,0,2
2015-01-21,5,0,0,0,5
2015-01-20,5,0,0,0,5
2015-01-20,5,5,15,0,5
2015-01-20,5,0,0,0,5
2015-01-17,5,0,0,0,5
2015-01-16,5,10,10,0,5
2015-01-15,5,0,0,0,5
2015-01-15,5,5,5,0,5
2015-01-14,5,0,0,0,5
2015-01-14,4,0,0,0,4
2015-01-14,4,0,0,0,4
2015-01-14,4,0,0,0,4
2015-01-12,3,0,0,0,3
2015-01-12,5,0,0,0,5
2015-01-11,4,0,0,0,4
2015-01-11,1,0,0,0,1
2015-01-10,5,0,0,0,5
2015-01-10,3,0,0,0,3
2015-01-10,5,0,5,0,5
2015-01-10,3,3,3,0,3
2015-01-10,4,8,8,0,0
2015-01-09,5,0,5,0,5
2015-01-09,5,0,0,0,5
2015-01-08,5,0,0,0,5
2015-01-08,3,0,0,0,3
2015-01-08,5,0,0,0,5
2015-01-07,5,10,10,0,5
2015-01-06,1,0,0,0,1
2015-01-06,3,0,0,0,3
2015-01-05,5,0,0,0,5
2015-01-05,2,0,0,0,2
2015-01-04,4,8,8,0,4
2015-01-04,5,0,0,0,5
2015-01-04,4,0,0,0,4
2015-01-04,5,0,0,0,5
2015-01-04,5,0,0,0,0
2015-01-04,1,0,0,0,1
2015-01-02,1,0,0,0,1
2015-01-01,4,0,0,0,4
2015-01-01,5,0,0,0,5
2014-12-31,5,0,0,0,5
2014-12-31,5,0,0,0,5
2014-12-31,3,0,0,0,3
2014-12-28,5,0,0,0,5
2014-12-28,5,30,35,0,5
2014-12-28,1,0,0,0,1
2014-12-28,4,0,4,0,4
2014-12-27,5,5,5,0,5
2014-12-27,1,0,0,0,1
2014-12-27,5,0,0,0,0
2014-12-27,5,0,0,0,5
2014-12-26,4,0,0,0,4
2014-12-26,5,0,0,0,5
2014-12-26,5,0,0,0,5
2014-12-25,2,0,0,0,2
2014-12-25,5,0,0,0,5
2014-12-25,5,0,0,0,5
2014-12-23,4,0,0,0,4
2014-12-23,4,0,0,0,4
2014-12-23,5,0,0,0,5
2014-12-23,5,0,0,0,5
2014-12-22,1,0,0,0,1
2014-12-22,5,0,0,0,5
2014-12-22,5,0,0,0,5
2014-12-22,5,0,0,0,5
2014-12-21,2,0,2,0,0
2014-12-21,4,16,16,0,4
2014-12-20,5,0,0,0,5
2014-12-20,5,0,0,0,5
2014-12-19,5,0,0,0,5
2014-12-18,1,0,0,0,1
2014-12-17,1,0,0,0,1
2014-12-17,5,0,0,0,0
2014-12-17,5,0,0,0,5
2014-12-16,5,0,0,0,0
2014-12-16,5,15,15,0,5
2014-12-14,4,0,0,0,4
2014-12-13,1,0,0,0,1
2014-12-13,3,0,0,0,3
2014-12-13,5,0,0,0,5
2014-12-11,4,0,0,0,4
2014-12-10,1,0,0,0,1
2014-12-08,4,0,0,0,4
2014-12-08,5,5,5,0,5
2014-12-06,5,0,0,0,5
2014-12-06,4,0,0,0,4
2014-12-03,5,0,0,0,5
2014-12-03,5,0,0,0,5
2014-12-03,1,0,0,0,1
2014-12-02,5,0,5,0,5
2014-12-02,4,0,0,0,4
2014-12-02,1,0,0,0,1
2014-12-02,5,0,0,0,5
2014-12-01,5,0,0,0,5
2014-12-01,5,15,15,0,5
2014-11-30,5,0,0,0,5
2014-11-29,1,0,0,0,0
2014-11-27,5,20,20,0,5
2014-11-27,1,0,0,0,1
2014-11-27,1,0,3,0,1
2014-11-25,4,0,0,0,4
2014-11-25,5,0,0,0,5
2014-11-24,3,0,0,0,3
2014-11-24,1,0,0,0,1
2014-11-24,5,0,0,0,5
2014-11-23,1,2,2,0,1
2014-11-23,4,0,0,0,4
2014-11-22,4,0,0,0,4
2014-11-22,1,0,0,0,1
2014-11-21,4,4,4,0,4
2014-11-21,5,0,0,0,5
2014-11-21,4,0,0,0,4
2014-11-21,5,0,0,0,5
2014-11-20,5,0,0,0,5
2014-11-20,5,0,0,0,5
2014-11-18,5,0,0,0,5
2014-11-17,1,0,0,0,1
2014-11-17,4,0,0,0,4
2014-11-17,5,0,0,0,5
2014-11-17,3,0,0,0,3
2014-11-16,5,0,0,0,5
2014-11-15,5,0,0,0,5
2014-11-15,5,0,0,0,5
2014-11-14,5,0,0,0,0
2014-11-14,5,0,0,0,5
2014-11-13,5,0,0,0,5
2014-11-13,3,0,0,0,3
2014-11-13,3,0,0,0,0
2014-11-13,2,0,0,0,2
2014-11-13,1,0,0,0,0
2014-11-12,5,0,0,0,5
2014-11-12,5,0,0,0,5
2014-11-11,5,0,0,0,5
2014-11-11,2,0,0,0,2
2014-11-11,5,0,0,0,5
2014-11-11,5,0,0,0,5
2014-11-11,5,35,40,0,5
2014-11-10,5,0,0,0,0
2014-11-10,5,0,0,0,5
2014-11-10,3,0,0,0,3
2014-11-09,1,0,0,0,1
2014-11-09,4,0,0,0,4
2014-11-08,3,0,3,0,3
2014-11-08,1,0,1,0,1
2014-11-08,5,0,0,0,5
2014-11-08,3,0,0,0,0
2014-11-08,3,0,0,0,3
2014-11-08,5,0,0,0,5
2014-11-07,4,0,0,0,4
2014-11-07,5,0,0,0,5
2014-11-06,5,0,0,0,5
2014-11-06,5,5,5,0,0
2014-11-06,5,0,0,0,5
2014-11-06,1,0,0,0,1
2014-11-05,5,0,0,0,5
2014-11-05,5,0,0,0,5
2014-11-05,5,0,0,0,0
2014-11-04,5,0,0,0,5
2014-11-04,1,0,0,0,1
2014-11-04,5,0,0,0,5
2014-11-04,1,0,0,0,1
2014-11-04,5,0,0,0,5
2014-11-01,5,0,0,0,5
2014-10-31,5,0,0,0,5
2014-10-31,1,0,0,0,1
2014-10-31,5,5,5,0,5
2014-10-30,5,0,0,0,0
2014-10-28,5,0,5,0,0
2014-10-28,5,0,5,0,5
2014-10-28,5,0,0,0,5
2014-10-27,5,0,0,0,5
2014-10-27,2,0,6,0,2
2014-10-27,1,0,0,0,1
2014-10-24,5,0,0,0,5
2014-10-24,5,0,0,0,5
2014-10-24,5,0,0,0,5
2014-10-23,5,0,0,0,5
2014-10-23,1,0,0,0,1
2014-10-22,5,0,0,0,5
2014-10-22,5,0,0,0,0
2014-10-22,1,0,0,0,0
2014-10-21,1,0,0,0,1
2014-10-21,5,0,0,0,5
2014-10-20,5,0,0,0,5
2014-10-20,5,0,5,0,0
2014-10-17,5,0,0,0,5
2014-10-17,5,0,0,0,5
2014-10-16,5,0,0,0,5
2014-10-16,4,0,0,0,4
2014-10-16,5,0,0,0,5
2014-10-15,1,0,0,0,1
2014-10-14,4,0,0,0,4
2014-10-14,5,30,35,0,5
2014-10-14,5,0,0,0,5
2014-10-12,5,0,0,0,5
2014-10-12,5,10,15,0,0
2014-10-12,4,0,0,0,4
2014-10-11,5,0,0,0,5
2014-10-10,5,0,0,0,0
2014-10-09,5,5,5,0,5
2014-10-09,2,0,0,0,2
2014-10-08,5,0,0,0,0
2014-10-08,2,0,0,0,0
2014-10-08,1,0,0,0,1
2014-10-08,5,0,0,0,5
2014-10-06,1,0,0,0,1
2014-10-06,5,0,0,0,5
2014-10-06,5,10,10,0,5
2014-10-06,5,5,5,0,5
2014-10-06,5,0,0,0,5
2014-10-06,1,0,0,0,1
2014-10-06,1,0,0,0,1
2014-10-04,5,0,0,0,0
2014-10-03,5,0,0,0,0
2014-10-03,1,0,1,0,1
2014-10-03,3,0,0,0,3
2014-10-02,5,0,0,0,0
2014-10-02,2,0,0,0,2
2014-10-02,5,5,5,0,0
2014-10-02,5,0,0,0,5
2014-09-30,4,0,0,0,4
2014-09-29,5,15,15,0,5
2014-09-29,5,0,0,0,0
2014-09-28,5,0,0,0,5
2014-09-27,5,0,0,0,5
2014-09-27,3,0,0,0,3
2014-09-27,5,0,0,0,5
2014-09-25,5,0,0,0,0
2014-09-25,5,0,0,0,5
2014-09-25,5,0,0,0,5
2014-09-24,5,15,15,0,5
2014-09-24,5,20,20,0,5
2014-09-24,5,0,0,0,5
2014-09-23,5,15,15,0,5
2014-09-23,5,0,0,0,5
2014-09-23,5,20,20,0,5
2014-09-23,1,0,0,0,1
2014-09-23,4,4,8,0,0
2014-09-23,1,0,0,0,1
2014-09-22,5,5,5,0,5
2014-09-22,5,0,0,0,5
2014-09-21,5,0,0,0,5
2014-09-20,5,0,0,0,0
2014-09-20,5,0,0,0,5
2014-09-19,4,0,0,0,0
2014-09-18,1,0,0,0,1
2014-09-17,2,0,0,0,2
2014-09-16,1,0,0,0,1
2014-09-16,5,0,0,0,5
2014-09-15,3,0,0,0,0
2014-09-14,1,0,0,0,1
2014-09-13,5,0,0,0,5
2014-09-13,2,0,0,0,2
2014-09-13,5,0,0,0,5
2014-09-12,5,0,0,0,5
2014-09-12,5,0,0,0,5
2014-09-12,4,0,0,0,4
2014-09-11,5,0,0,0,5
2014-09-11,5,0,0,0,5
2014-09-11,4,0,0,0,4
2014-09-11,5,0,0,0,5
2014-09-10,1,0,0,0,0
2014-09-08,3,0,0,0,0
2014-09-08,5,0,0,0,0
2014-09-08,4,0,0,0,4
2014-09-08,5,0,0,0,0
2014-09-08,5,0,0,0,5
2014-09-08,2,0,0,0,2
2014-09-07,5,0,0,0,0
2014-09-07,3,0,0,0,0
2014-09-07,2,0,0,0,2
2014-09-07,1,0,0,0,1
2014-09-06,4,0,0,0,4
2014-09-06,5,0,0,0,5
2014-09-06,5,0,0,0,5
2014-09-05,5,0,0,0,5
2014-09-05,1,0,0,0,1
2014-09-05,1,0,0,0,0
2014-09-04,5,0,0,0,0
2014-09-03,3,0,0,0,3
2014-09-03,5,0,0,0,5
2014-09-03,5,0,0,0,5
2014-09-02,5,0,0,0,5
2014-09-02,5,0,5,0,5
2014-09-02,5,0,0,0,5
2014-09-02,5,5,5,0,0
2014-09-01,5,5,5,0,0
2014-08-31,2,0,0,0,0
2014-08-30,2,0,0,0,2
2014-08-30,5,0,0,0,0
2014-08-30,4,0,0,0,4
2014-08-30,4,0,0,0,4
2014-08-29,5,0,0,0,5
2014-08-29,3,0,0,0,0
2014-08-29,4,0,0,0,4
2014-08-28,3,0,0,0,3
2014-08-28,3,0,0,0,3
2014-08-28,5,0,0,0,0
2014-08-27,1,0,1,0,1
2014-08-27,5,5,5,0,0
2014-08-26,4,0,0,0,0
2014-08-25,5,0,0,0,5
2014-08-25,4,0,0,0,4
2014-08-25,5,0,0,0,0
2014-08-25,5,0,0,0,5
2014-08-25,5,0,0,0,0
2014-08-25,1,0,0,0,1
2014-08-24,5,0,0,0,0
2014-08-23,4,0,4,0,4
2014-08-22,4,0,0,0,0
2014-08-22,5,0,0,0,5
2014-08-22,1,0,0,0,1
2014-08-22,1,0,0,0,1
2014-08-21,1,0,0,0,1
2014-08-21,5,0,5,0,5
2014-08-21,5,0,0,0,5
2014-08-20,5,15,15,0,0
2014-08-18,5,0,0,0,5
2014-08-17,5,0,0,0,5
2014-08-17,1,0,0,0,1
2014-08-17,5,20,20,0,5
2014-08-15,5,0,0,0,0
2014-08-15,5,0,0,0,0
2014-08-15,5,0,0,0,5
2014-08-15,4,0,0,0,4
2014-08-14,1,0,0,0,1
2014-08-14,5,0,0,0,5
2014-08-14,5,0,0,0,5
2014-08-13,1,0,0,0,1
2014-08-13,1,1,1,0,1
2014-08-13,1,0,0,0,1
2014-08-12,5,0,0,0,5
2014-08-12,5,5,5,0,5
2014-08-12,4,4,4,0,0
2014-08-11,3,0,0,0,0
2014-08-10,1,0,0,0,1
2014-08-09,5,10,10,0,0
2014-08-08,4,0,0,0,4
2014-08-08,3,0,3,0,0
2014-08-08,1,0,0,0,1
2014-08-08,3,0,0,0,0
2014-08-07,5,0,10,0,5
2014-08-06,5,0,0,0,5
2014-08-06,5,0,0,0,5
2014-08-06,5,10,20,0,5
2014-08-06,1,0,0,0,1
2014-08-05,1,0,0,0,1
2014-08-04,3,0,0,0,0
2014-08-04,3,0,0,0,3
2014-08-04,1,0,0,0,1
2014-08-03,5,0,0,0,5
2014-08-03,5,10,10,0,5
2014-08-02,5,0,0,0,5
2014-08-02,5,0,0,0,5
2014-08-02,5,0,0,0,5
2014-08-01,5,10,10,0,0
2014-07-31,5,0,0,0,5
2014-07-30,2,0,0,0,2
2014-07-30,1,1,3,0,1
2014-07-30,5,0,0,0,5
2014-07-29,2,0,0,0,2
2014-07-29,4,0,0,0,4
2014-07-28,1,0,0,0,0
2014-07-28,5,10,10,0,0
2014-07-27,1,0,0,0,1
2014-07-27,1,0,0,0,1
2014-07-26,5,0,0,0,5
2014-07-25,3,0,0,0,3
2014-07-24,5,0,0,0,0
2014-07-24,1,0,0,0,1
2014-07-23,1,0,0,0,1
2014-07-23,1,4,4,0,1
2014-07-23,5,0,0,0,5
2014-07-23,5,0,0,0,5
2014-07-23,5,0,0,0,5
2014-07-23,5,0,0,0,0
2014-07-22,5,0,0,0,0
2014-07-22,3,3,3,0,3
2014-07-20,5,0,0,0,5
2014-07-19,4,0,0,0,4
2014-07-18,5,0,0,0,5
2014-07-18,5,0,0,0,0
2014-07-16,5,0,0,0,5
2014-07-16,1,0,0,0,1
2014-07-16,5,0,0,0,5
2014-07-16,5,0,0,0,5
2014-07-15,1,0,0,0,1
2014-07-14,1,0,0,0,1
2014-07-13,5,0,0,0,0
2014-07-13,2,0,0,0,0
2014-07-13,2,0,0,0,2
2014-07-11,5,0,0,0,0
2014-07-11,3,0,0,0,3
2014-07-11,5,5,5,0,5
2014-07-10,5,0,0,0,5
2014-07-10,5,0,0,0,5
2014-07-09,1,0,0,0,1
2014-07-09,4,0,0,0,0
2014-07-09,5,0,0,0,0
2014-07-09,1,0,0,0,1
2014-07-08,4,0,0,0,4
2014-07-08,1,0,0,0,1
2014-07-07,5,0,0,0,5
2014-07-07,4,0,0,0,4
2014-07-06,5,5,5,0,5
2014-07-05,1,0,0,0,1
2014-07-04,4,0,0,0,0
2014-07-04,1,0,0,0,0
2014-07-04,4,0,0,0,4
2014-07-04,4,4,4,0,4
2014-07-02,4,0,0,0,0
2014-07-02,5,0,0,0,5
2014-07-02,1,0,0,0,1
2014-07-02,5,0,0,0,5
2014-07-02,5,0,0,0,5
2014-07-02,5,0,0,0,5
2014-07-01,1,0,0,0,1
2014-07-01,1,1,1,0,1
2014-06-27,5,5,5,0,5
2014-06-26,3,0,3,0,3
2014-06-22,4,0,0,0,4
2014-06-22,5,0,0,0,5
2014-06-20,4,0,0,0,4
2014-06-20,2,2,4,0,0
2014-06-20,5,15,15,0,5
2014-06-18,5,0,0,0,5
2014-06-18,5,0,0,0,0
2014-06-17,5,15,15,0,5
2014-06-14,1,0,0,0,1
2014-06-14,5,0,0,0,5
2014-06-12,5,0,0,0,5
2014-06-08,3,0,0,0,3
2014-06-05,5,5,5,0,5
2014-06-04,5,15,15,0,5
2014-06-03,1,0,0,0,1
2014-06-02,5,25,25,0,5
2014-06-02,5,0,0,0,5
2014-06-01,1,1,1,0,1
2014-05-27,5,0,0,0,5
2014-05-27,1,0,0,0,1
2014-05-26,5,0,0,0,5
2014-05-25,4,4,4,0,4
2014-05-23,5,0,0,0,5
2014-05-23,5,0,0,0,5
2014-05-22,4,8,12,0,0
2014-05-19,5,0,0,0,5
2014-05-19,1,1,1,0,1
2014-05-19,1,0,0,0,1
2014-05-17,5,0,0,0,5
2014-05-17,5,20,20,0,5
2014-05-15,1,1,1,0,1
2014-05-13,1,0,0,0,1
2014-05-13,1,0,0,0,1
2014-05-13,1,0,0,0,1
2014-05-09,5,0,0,0,5
2014-05-09,5,0,0,0,5
2014-05-08,5,0,0,0,5
2014-05-07,1,0,0,0,1
2014-05-07,5,0,0,0,5
2014-05-06,1,0,0,0,1
2014-05-05,5,0,0,0,5
2014-05-05,5,5,5,0,5
2014-05-04,5,0,0,0,0
2014-05-04,5,0,0,0,5
2014-05-03,1,0,0,0,1
2014-05-02,5,5,10,0,5
2014-05-01,5,0,0,0,5
2014-05-01,5,5,5,0,5
2014-04-30,5,0,0,0,5
2014-04-30,1,0,0,0,1
2014-04-29,5,30,30,0,5
2014-04-29,5,10,10,0,5
2014-04-28,1,0,0,0,1
2014-04-27,1,0,0,0,1
2014-04-27,1,0,0,0,1
2014-04-27,5,0,0,0,5
2014-04-26,5,0,0,0,5
2014-04-26,5,0,0,0,5
2014-04-24,2,0,0,0,2
2014-04-24,5,0,0,0,5
2014-04-20,4,0,0,0,4
2014-04-19,5,0,0,0,5
2014-04-19,2,0,0,0,2
2014-04-19,1,0,0,0,1
2014-04-19,1,0,0,0,1
2014-04-18,1,0,0,0,1
2014-04-18,5,0,0,0,5
2014-04-18,1,0,0,0,1
2014-04-18,1,1,1,0,1
2014-04-17,5,0,0,0,5
2014-04-17,5,10,15,0,5
2014-04-16,5,0,0,0,5
2014-04-16,5,0,0,0,5
2014-04-15,5,0,0,0,5
2014-04-14,5,5,5,0,5
2014-04-13,5,0,0,0,5
2014-04-13,4,0,0,0,4
2014-04-13,5,0,0,0,5
2014-04-13,5,15,20,0,5
2014-04-11,3,0,0,0,3
2014-04-09,4,0,0,0,4
2014-04-09,3,0,3,0,3
2014-04-07,1,0,0,0,1
2014-04-07,1,0,0,0,1
2014-04-04,1,0,0,0,1
2014-04-04,1,0,0,0,1
2014-04-03,5,0,0,0,5
2014-04-02,4,0,0,0,4
2014-04-02,5,0,0,0,5
2014-04-01,5,0,0,0,5
2014-03-31,1,0,0,0,1
2014-03-31,1,0,1,0,1
2014-03-31,5,0,0,0,5
2014-03-29,5,0,0,0,5
2014-03-29,4,0,0,0,4
2014-03-28,5,65,65,0,0
2014-03-28,5,0,0,0,5
2014-03-27,1,1,1,0,1
2014-03-27,5,0,0,0,5
2014-03-27,5,0,0,0,5
2014-03-27,5,0,15,0,5
2014-03-26,5,0,0,0,5
2014-03-24,5,0,0,0,5
2014-03-24,1,1,1,0,1
2014-03-21,5,0,0,0,5
2014-03-19,1,0,0,0,1
2014-03-18,2,0,0,0,2
2014-03-18,1,0,0,0,1
2014-03-15,4,0,0,0,4
2014-03-15,5,10,10,0,5
2014-03-15,5,0,0,0,0
2014-03-14,5,0,0,0,5
2014-03-10,1,0,1,0,1
2014-03-09,5,0,0,0,5
2014-03-07,4,12,16,0,4
2014-03-07,5,10,10,0,5
2014-03-06,4,0,0,0,4
2014-03-06,5,0,0,0,5
2014-03-05,2,0,0,0,2
2014-03-05,5,0,0,0,5
2014-03-05,5,0,0,0,5
2014-03-04,1,0,0,0,1
2014-03-01,1,0,0,0,1
2014-03-01,5,0,0,0,5
2014-02-28,5,0,0,0,5
2014-02-27,4,8,12,0,0
2014-02-27,1,0,0,0,1
2014-02-26,5,5,10,0,5
2014-02-26,2,0,0,0,2
2014-02-25,5,0,0,0,5
2014-02-25,2,0,0,0,2
2014-02-24,2,0,0,0,2
2014-02-21,1,1,4,0,0
2014-02-20,5,0,0,0,5
2014-02-19,5,10,10,0,5
2014-02-19,5,0,0,0,5
2014-02-18,2,0,0,0,2
2014-02-18,3,0,0,0,3
2014-02-17,5,0,0,0,5
2014-02-17,3,0,3,0,3
2014-02-17,5,0,0,0,5
2014-02-17,1,1,1,0,1
2014-02-16,4,0,0,0,4
2014-02-16,1,0,0,0,1
2014-02-15,5,5,5,0,5
2014-02-15,5,0,0,0,5
2014-02-13,4,0,0,0,4
2014-02-12,1,0,0,0,1
2014-02-12,1,0,0,0,1
2014-02-10,1,0,0,0,1
2014-02-10,1,0,0,0,1
2014-02-10,1,0,0,0,1
2014-02-10,5,0,0,0,5
2014-02-09,4,0,0,0,4
2014-02-08,3,0,0,0,3
2014-02-08,5,0,0,0,5
2014-02-06,5,0,0,0,5
2014-02-06,5,0,5,0,0
2014-02-05,3,0,0,0,3
2014-02-05,1,0,0,0,1
2014-02-05,1,0,0,0,1
2014-02-04,5,0,0,0,5
2014-02-03,5,0,0,0,0
2014-02-03,5,0,0,0,5
2014-02-03,1,0,0,0,1
2014-02-02,1,0,0,0,1
2014-01-31,5,0,0,0,5
2014-01-31,5,0,0,0,5
2014-01-30,4,0,0,0,4
2014-01-29,2,8,10,0,2
2014-01-29,4,4,8,0,4
2014-01-28,4,0,0,0,4
2014-01-27,5,0,0,0,5
2014-01-27,1,0,0,0,1
2014-01-27,5,0,0,0,5
2014-01-25,5,0,0,0,5
2014-01-24,4,0,4,0,4
2014-01-24,3,0,0,0,3
2014-01-24,5,0,0,0,5
2014-01-24,5,0,0,0,5
2014-01-23,1,0,0,0,0
2014-01-22,1,0,0,0,1
2014-01-22,4,0,0,0,4
2014-01-22,3,0,0,0,3
2014-01-21,2,0,2,0,2
2014-01-21,3,0,0,0,3
2014-01-21,1,0,0,0,1
2014-01-20,2,0,2,0,2
2014-01-20,3,6,6,0,3
2014-01-20,5,0,0,0,5
2014-01-19,5,0,0,0,5
2014-01-19,4,0,0,0,4
2014-01-14,1,0,0,0,1
2014-01-14,1,0,0,0,1
2014-01-12,4,20,20,0,0
2014-01-12,2,10,10,0,2
2014-01-10,5,0,0,0,5
2014-01-09,1,0,0,0,1
2014-01-08,1,0,0,0,1
2014-01-08,2,2,2,0,2
2014-01-07,3,0,0,0,3
2014-01-07,4,0,0,0,4
2014-01-07,5,0,0,0,5
2014-01-06,1,1,2,0,1
2014-01-06,5,0,0,0,5
2014-01-05,5,0,0,0,5
2014-01-04,1,0,0,0,1
2014-01-04,5,0,0,0,5
2014-01-04,4,0,0,0,4
2014-01-03,5,0,5,0,5
2014-01-03,5,0,0,0,5
2014-01-03,1,0,0,0,1
2014-01-02,4,0,0,0,4
2014-01-02,5,0,0,0,5
2014-01-01,5,0,0,0,5
2013-12-31,1,0,0,0,1
2013-12-31,2,0,0,0,2
2013-12-30,5,0,0,0,5
2013-12-29,5,0,0,0,5
2013-12-28,5,0,0,0,5
2013-12-28,5,0,0,0,5
2013-12-28,1,0,0,0,1
2013-12-28,1,0,1,0,1
2013-12-27,1,0,0,0,1
2013-12-26,5,0,0,0,5
2013-12-25,1,0,0,0,1
2013-12-24,2,0,0,0,2
2013-12-24,4,0,0,0,4
2013-12-21,5,0,0,0,5
2013-12-20,5,0,0,0,5
2013-12-20,3,0,0,0,3
2013-12-19,5,0,0,0,5
2013-12-19,5,0,0,0,5
2013-12-18,1,0,0,0,1
2013-12-17,5,0,0,0,5
2013-12-17,5,5,5,0,5
2013-12-17,3,0,0,0,3
2013-12-16,1,0,0,0,1
2013-12-16,2,0,0,0,2
2013-12-15,1,0,0,0,1
2013-12-14,5,0,0,0,5
2013-12-14,1,2,2,0,0
2013-12-13,5,0,0,0,5
2013-12-12,1,0,0,0,1
2013-12-12,5,0,0,0,5
2013-12-11,1,0,0,0,0
2013-12-10,2,0,0,0,2
2013-12-09,5,0,0,0,5
2013-12-09,5,0,0,0,5
2013-12-09,1,0,0,0,1
2013-12-08,5,5,5,0,5
2013-12-07,3,0,0,0,3
2013-12-06,3,3,3,0,3
2013-12-05,1,0,0,0,1
2013-12-05,1,19,22,0,1
2013-12-04,4,0,0,0,4
2013-12-03,3,0,0,0,3
2013-12-02,1,0,0,0,1
2013-12-01,4,8,8,0,4
2013-11-30,1,0,0,0,1
2013-11-29,5,0,0,0,5
2013-11-28,5,0,0,0,5
2013-11-28,1,3,4,0,1
2013-11-27,1,0,0,0,1
2013-11-27,2,2,2,0,2
2013-11-26,4,0,0,0,4
2013-11-22,1,0,0,0,1
2013-11-22,5,0,0,0,5
2013-11-19,5,0,0,0,5
2013-11-19,4,0,0,0,4
2013-11-19,1,0,0,0,1
2013-11-19,5,0,0,0,5
2013-11-17,5,10,10,0,5
2013-11-15,5,0,0,0,5
2013-11-15,1,1,2,0,0
2013-11-13,1,0,0,0,1
2013-11-12,3,0,0,0,3
2013-11-10,1,0,0,0,1
2013-11-08,1,1,1,0,1
2013-11-08,1,0,0,0,1
2013-11-08,5,0,0,0,5
2013-11-07,1,0,0,0,1
2013-11-06,5,0,0,0,5
2013-11-06,1,0,0,0,1
2013-11-06,5,0,0,0,5
2013-11-05,5,0,0,0,0
2013-11-05,4,0,0,0,4
2013-11-04,4,4,4,0,4
2013-11-04,1,0,0,0,1
2013-11-04,5,0,0,0,5
2013-11-01,4,0,0,0,4
2013-11-01,2,0,0,0,2
2013-11-01,5,10,10,0,5
2013-10-31,1,0,0,0,1
2013-10-30,3,18,18,0,3
2013-10-30,5,0,0,0,5
2013-10-30,2,0,0,0,2
2013-10-30,5,0,0,0,5
2013-10-29,5,0,0,0,5
2013-10-28,1,0,0,0,1
2013-10-28,4,0,0,0,4
2013-10-27,5,0,0,0,5
2013-10-27,4,0,0,0,4
2013-10-27,1,0,0,0,1
2013-10-26,3,0,0,0,3
2013-10-26,2,0,0,0,2
2013-10-25,5,0,0,0,5
2013-10-24,5,10,10,0,5
2013-10-23,3,0,0,0,3
2013-10-23,5,0,0,0,5
2013-10-22,5,5,5,0,5
2013-10-22,1,0,0,0,1
2013-10-22,3,0,0,0,3
2013-10-22,5,0,0,0,5
2013-10-21,5,5,5,0,5
2013-10-21,3,0,0,0,3
2013-10-21,1,0,0,0,1
2013-10-17,1,2,2,0,1
2013-10-16,4,0,0,0,4
2013-10-12,5,0,0,0,5
2013-10-10,5,5,5,0,5
2013-10-10,1,0,0,0,1
2013-10-09,5,0,0,0,5
2013-10-08,1,1,1,0,1
2013-10-08,1,1,1,0,1
2013-10-07,2,0,0,0,0
2013-10-06,5,0,0,0,5
2013-10-05,1,0,0,0,1
2013-10-05,5,0,0,0,5
2013-10-04,5,0,0,0,5
2013-10-04,5,0,0,0,5
2013-10-04,1,0,0,0,1
2013-10-03,1,0,0,0,1
2013-10-02,1,0,0,0,1
2013-10-02,1,0,0,0,1
2013-10-02,5,0,0,0,5
2013-10-02,3,0,0,0,3
2013-10-02,5,0,0,0,5
2013-09-30,1,0,0,0,1
2013-09-28,4,4,8,0,4
2013-09-27,5,0,0,0,5
2013-09-24,3,0,3,0,3
2013-09-24,5,0,0,0,5
2013-09-20,5,5,5,0,5
2013-09-20,5,0,0,0,5
2013-09-20,5,0,0,0,5
2013-09-20,5,0,0,0,5
2013-09-18,5,0,0,0,5
2013-09-17,3,3,3,0,3
2013-09-17,1,0,0,0,1
2013-09-15,2,0,0,0,2
2013-09-14,5,0,0,0,5
2013-09-14,1,0,0,0,1
2013-09-14,3,6,6,0,3
2013-09-11,5,5,5,0,5
2013-09-11,4,0,0,0,4
2013-09-08,2,2,2,0,2
2013-09-06,4,0,0,0,4
2013-09-06,4,0,0,0,4
2013-09-04,5,0,0,0,5
2013-09-04,1,0,0,0,0
2013-09-03,1,0,1,0,1
2013-09-02,5,0,0,0,5
2013-09-01,5,5,5,0,0
2013-08-31,5,0,0,0,5
2013-08-29,5,0,0,0,5
2013-08-29,1,0,0,0,1
2013-08-29,5,0,0,0,5
2013-08-28,1,0,0,0,1
2013-08-28,1,0,0,0,1
2013-08-27,5,0,0,0,5
2013-08-26,4,0,0,0,4
2013-08-26,5,0,0,0,5
2013-08-25,1,0,0,0,0
2013-08-24,5,0,0,0,5
2013-08-23,3,0,0,0,3
2013-08-23,2,0,0,0,2
2013-08-23,5,25,30,0,5
2013-08-22,1,0,0,0,1
2013-08-16,5,0,0,0,5
2013-08-15,5,10,10,0,5
2013-08-15,4,0,0,0,4
2013-08-14,2,0,0,0,2
2013-08-13,5,10,10,0,5
2013-08-12,1,0,0,0,1
2013-08-10,1,0,0,0,1
2013-08-10,5,0,0,0,5
2013-08-08,1,0,0,0,1
2013-08-07,4,0,0,0,4
2013-08-06,1,0,0,0,1
2013-08-06,5,0,0,0,5
2013-08-06,5,0,0,0,5
2013-08-06,5,10,10,0,5
2013-08-05,1,0,0,0,1
2013-08-05,4,0,0,0,4
2013-08-05,5,5,5,0,5
2013-08-05,5,0,0,0,5
2013-08-04,5,0,0,0,5
2013-08-04,5,0,0,0,5
2013-08-02,1,0,0,0,1
2013-08-01,4,0,0,0,4
2013-08-01,5,0,0,0,5
2013-07-29,4,0,0,0,4
2013-07-28,5,0,0,0,5
2013-07-28,5,0,0,0,5
2013-07-27,4,0,0,0,4
2013-07-27,5,0,0,0,5
2013-07-27,3,3,3,0,3
2013-07-26,4,0,0,0,4
2013-07-25,5,5,5,0,5
2013-07-25,5,0,0,0,5
2013-07-24,5,0,5,0,5
2013-07-23,4,0,0,0,4
2013-07-23,5,0,0,0,5
2013-07-19,1,0,1,0,1
2013-07-17,4,0,0,0,4
2013-07-17,4,0,4,0,4
2013-07-16,4,0,0,0,4
2013-07-15,1,0,1,0,1
2013-07-15,5,0,0,0,5
2013-07-15,3,0,0,0,3
2013-07-14,2,2,2,0,2
2013-07-14,1,2,2,0,1
2013-07-13,5,0,10,0,5
2013-07-13,5,10,15,0,5
2013-07-11,5,0,0,0,5
2013-07-11,3,0,0,0,3
2013-07-11,2,0,0,0,2
2013-07-09,5,0,0,0,5
2013-07-08,1,0,0,0,1
2013-07-06,1,0,0,0,1
2013-07-05,5,0,0,0,5
2013-07-04,4,0,0,0,4
2013-07-03,5,0,10,0,5
2013-07-02,2,0,0,0,2
2013-07-02,5,0,0,0,5
2013-07-01,1,0,0,0,0
2013-06-29,5,0,5,0,5
2013-06-29,1,0,1,0,1
2013-06-29,5,5,10,0,0
2013-06-28,5,0,0,0,5
2013-06-28,4,0,0,0,4
2013-06-27,1,0,0,0,1
2013-06-27,1,0,0,0,1
2013-06-26,4,0,0,0,4
2013-06-26,5,5,10,0,5
2013-06-23,5,0,5,0,5
2013-06-19,1,0,0,0,0
2013-06-19,5,0,0,0,5
2013-06-19,3,0,0,0,3
2013-06-19,3,0,0,0,3
2013-06-18,5,20,20,0,0
2013-06-17,1,0,0,0,1
2013-06-16,4,0,0,0,4
2013-06-16,3,0,0,0,3
2013-06-14,5,0,0,0,5
2013-06-14,3,0,0,0,3
2013-06-13,1,11,12,0,1
2013-06-13,5,5,5,0,5
2013-06-13,5,0,10,0,5
2013-06-11,5,0,0,0,5
2013-06-11,5,0,0,0,5
2013-06-10,5,5,5,0,5
2013-06-10,5,0,5,0,5
2013-06-08,1,0,0,0,1
2013-06-07,5,0,0,0,5
2013-06-06,5,0,0,0,5
2013-06-05,1,9,11,0,1
2013-06-04,1,0,0,0,1
2013-06-04,5,0,0,0,5
2013-06-03,5,0,5,0,5
2013-06-02,3,0,9,0,3
2013-06-02,1,0,0,0,1
2013-06-02,4,0,0,0,4
2013-06-01,1,0,0,0,1
2013-05-31,5,5,10,0,5
2013-05-30,5,0,0,0,5
2013-05-28,1,0,0,0,1
2013-05-27,4,0,4,0,4
2013-05-27,1,0,0,0,1
2013-05-22,5,10,10,0,5
2013-05-22,5,0,0,0,5
2013-05-21,4,0,0,0,4
2013-05-21,1,0,0,0,1
2013-05-21,4,0,0,0,4
2013-05-20,1,0,0,0,1
2013-05-19,5,0,0,0,5
2013-05-18,5,0,0,0,5
2013-05-17,5,0,5,0,5
2013-05-17,1,0,0,0,1
2013-05-17,1,0,0,0,1
2013-05-15,5,10,10,0,5
2013-05-14,5,0,5,0,5
2013-05-13,5,0,0,0,5
2013-05-10,1,0,0,0,1
2013-05-09,1,0,0,0,1
2013-05-09,5,0,5,0,5
2013-05-08,4,0,0,0,4
2013-05-08,3,0,0,0,3
2013-05-08,1,0,0,0,1
2013-05-07,3,0,0,0,3
2013-05-04,4,0,0,0,4
2013-05-03,5,0,0,0,5
2013-05-03,1,0,0,0,1
2013-05-03,1,0,0,0,1
2013-05-02,1,0,0,0,1
2013-04-30,5,0,5,0,0
2013-04-30,5,0,0,0,5
2013-04-29,1,0,0,0,1
2013-04-28,5,0,0,0,5
2013-04-28,1,0,0,0,1
2013-04-28,4,4,4,0,4
2013-04-27,1,0,0,0,1
2013-04-26,5,0,5,0,5
2013-04-26,3,0,0,0,3
2013-04-26,2,0,0,0,2
2013-04-24,3,0,0,0,3
2013-04-23,5,0,10,0,5
2013-04-23,4,0,0,0,4
2013-04-23,5,0,0,0,5
2013-04-23,4,0,0,0,4
2013-04-21,4,0,0,0,4
2013-04-20,4,0,0,0,4
2013-04-20,5,0,0,0,5
2013-04-20,5,5,5,0,5
2013-04-18,1,0,0,0,1
2013-04-18,4,8,12,0,4
2013-04-17,1,0,0,0,1
2013-04-17,5,0,0,0,5
2013-04-15,4,4,8,0,4
2013-04-15,1,0,0,0,0
2013-04-12,2,0,0,0,2
2013-04-10,5,0,0,0,5
2013-04-09,2,0,0,0,2
2013-04-07,4,0,0,0,4
2013-04-05,1,0,0,0,1
2013-04-04,2,0,0,0,2
2013-04-04,4,0,0,0,4
2013-04-03,1,0,0,0,1
2013-04-03,3,0,0,0,3
2013-04-03,5,0,5,0,5
2013-04-02,3,0,0,0,3
2013-04-02,1,0,0,0,1
2013-04-01,3,0,0,0,3
2013-04-01,1,1,1,0,1
2013-04-01,2,2,2,0,2
2013-04-01,1,0,0,0,1
2013-03-31,1,0,0,0,1
2013-03-31,2,2,2,0,2
2013-03-30,5,0,0,0,5
2013-03-29,5,0,0,0,5
2013-03-28,4,0,0,0,4
2013-03-26,5,0,0,0,5
2013-03-26,4,0,0,0,4
2013-03-25,1,0,1,0,1
2013-03-24,4,0,0,0,4
2013-03-24,1,0,0,0,1
2013-03-24,1,0,0,0,0
2013-03-22,3,0,0,0,3
2013-03-22,5,0,0,0,5
2013-03-22,1,0,0,0,1
2013-03-20,3,0,0,0,3
2013-03-20,1,0,0,0,1
2013-03-20,5,0,5,0,5
2013-03-19,4,0,0,0,4
2013-03-19,4,0,0,0,4
2013-03-18,5,0,0,0,5
2013-03-18,5,5,5,0,5
2013-03-16,5,0,0,0,5
2013-03-16,5,0,0,0,5
2013-03-16,1,0,0,0,1
2013-03-15,1,0,0,0,1
2013-03-15,1,9,11,0,1
2013-03-15,1,0,0,0,1
2013-03-13,5,5,5,0,5
2013-03-13,3,0,0,0,3
2013-03-12,1,0,0,0,1
2013-03-11,5,5,5,0,5
2013-03-11,4,0,0,0,4
2013-03-11,1,0,0,0,1
2013-03-10,1,10,10,0,1
2013-03-10,5,0,5,0,5
2013-03-10,2,0,0,0,2
2013-03-10,1,0,0,0,1
2013-03-09,1,0,0,0,1
2013-03-09,1,0,0,0,1
2013-03-08,5,0,0,0,5
2013-03-07,5,0,0,0,5
2013-03-06,3,0,3,0,3
2013-03-04,1,0,0,0,1
2013-03-04,4,0,0,0,4
2013-03-03,5,15,15,0,5
2013-03-02,5,0,0,0,5
2013-02-28,5,15,15,0,5
2013-02-25,5,0,0,0,5
2013-02-24,5,0,0,0,5
2013-02-24,5,0,0,0,5
2013-02-24,1,0,2,0,1
2013-02-22,1,0,0,0,1
2013-02-22,1,0,0,0,1
2013-02-22,3,0,0,0,3
2013-02-21,1,1,2,0,0
2013-02-21,5,10,10,0,5
2013-02-21,5,5,5,0,5
2013-02-20,4,0,0,0,4
2013-02-20,4,0,0,0,4
2013-02-20,3,0,0,0,3
2013-02-20,1,3,4,0,1
2013-02-20,4,0,0,0,4
2013-02-19,1,1,1,0,1
2013-02-19,2,0,0,0,2
2013-02-17,3,3,3,0,3
2013-02-17,3,0,0,0,3
2013-02-14,2,0,0,0,2
2013-02-14,5,15,15,0,5
2013-02-14,1,0,0,0,1
2013-02-13,2,0,0,0,2
2013-02-12,5,0,0,0,5
2013-02-12,1,1,1,0,1
2013-02-11,1,1,1,0,0
2013-02-10,5,0,0,0,5
2013-02-09,1,1,2,0,0
2013-02-09,5,0,0,0,0
2013-02-08,5,0,0,0,0
2013-02-08,5,0,0,0,5
2013-02-07,1,0,0,0,1
2013-02-07,1,0,0,0,1
2013-02-05,5,0,0,0,5
2013-02-05,3,0,0,0,0
2013-02-04,1,0,0,0,1
2013-02-04,2,0,0,0,2
2013-02-03,1,0,0,0,1
2013-02-02,1,0,0,0,1
2013-02-01,1,0,0,0,1
2013-01-31,5,0,0,0,5
2013-01-31,5,0,0,0,5
2013-01-31,5,0,0,0,5
2013-01-30,1,0,0,0,1
2013-01-30,5,0,5,0,5
2013-01-30,5,0,5,0,5
2013-01-30,5,0,0,0,5
2013-01-28,1,0,0,0,1
2013-01-27,5,0,10,0,5
2013-01-26,4,0,4,0,4
2013-01-25,1,0,0,0,0
2013-01-24,1,0,4,0,1
2013-01-22,5,0,5,0,5
2013-01-22,1,0,0,0,0
2013-01-22,1,0,0,0,1
2013-01-22,1,0,0,0,1
2013-01-21,5,0,0,0,5
2013-01-21,1,2,2,0,1
2013-01-21,5,0,0,0,5
2013-01-19,5,0,5,0,5
2013-01-18,1,3,3,0,1
2013-01-18,1,0,0,0,1
2013-01-18,5,0,5,0,5
2013-01-17,5,0,5,0,5
2013-01-17,5,0,5,0,5
2013-01-17,1,0,0,0,1
2013-01-17,5,0,0,0,5
2013-01-17,3,0,0,0,3
2013-01-16,5,0,5,0,5
2013-01-16,5,0,5,0,5
2013-01-16,5,0,5,0,5
2013-01-15,1,0,0,0,1
2013-01-14,3,0,0,0,0
2013-01-14,1,0,0,0,1
2013-01-13,1,0,0,0,1
2013-01-13,5,0,0,0,5
2013-01-12,3,0,0,0,3
2013-01-12,5,0,0,0,5
2013-01-10,1,0,0,0,1
2013-01-10,1,0,0,0,1
2013-01-09,1,0,0,0,1
2013-01-09,2,0,0,0,2
2013-01-08,1,0,0,0,1
2013-01-08,5,0,0,0,5
2013-01-08,1,0,0,0,1
2013-01-08,5,0,0,0,5
2013-01-07,5,0,0,0,0
2013-01-07,5,0,5,0,5
2013-01-04,1,0,0,0,1
2013-01-04,5,0,0,0,5
2013-01-03,4,0,0,0,4
2013-01-03,1,0,0,0,1
2013-01-03,1,0,0,0,1
2013-01-02,1,0,0,0,1
2013-01-01,5,0,0,0,5
2013-01-01,5,0,0,0,5
2013-01-01,4,0,0,0,0
2013-01-01,3,0,0,0,3
2012-12-31,3,0,0,0,3
2012-12-29,1,0,1,0,1
2012-12-29,1,1,2,0,1
2012-12-29,1,0,0,0,1
2012-12-28,4,0,0,0,4
2012-12-28,2,0,0,0,0
2012-12-28,1,0,0,0,1
2012-12-27,1,0,0,0,1
2012-12-27,2,0,0,0,0
2012-12-27,4,0,0,0,4
2012-12-26,5,0,0,0,5
2012-12-26,1,0,0,0,1
2012-12-26,5,0,0,0,5
2012-12-26,4,4,4,0,4
2012-12-24,5,0,0,0,5
2012-12-24,1,0,0,0,1
2012-12-24,3,0,0,0,3
2012-12-24,4,0,0,0,4
2012-12-23,5,5,5,0,5
2012-12-23,4,0,0,0,4
2012-12-22,4,0,0,0,4
2012-12-22,1,0,0,0,1
2012-12-21,3,0,0,0,3
2012-12-21,4,0,0,0,4
2012-12-20,5,0,0,0,5
2012-12-19,5,0,0,0,5
2012-12-18,2,0,0,0,2
2012-12-17,5,0,0,0,5
2012-12-17,5,0,0,0,5
2012-12-16,3,0,0,0,3
2012-12-16,1,0,0,0,1
2012-12-15,4,8,12,0,4
2012-12-13,1,0,0,0,1
2012-12-13,5,0,0,0,5
2012-12-12,3,0,0,0,3
2012-12-12,5,0,0,0,5
2012-12-09,5,0,0,0,5
2012-12-08,5,0,0,0,5
2012-12-06,2,0,0,0,2
2012-12-06,1,0,0,0,1
2012-12-05,5,0,0,0,5
2012-12-05,4,0,0,0,4
2012-12-04,4,0,0,0,4
2012-12-04,1,0,0,0,1
2012-12-03,5,0,0,0,5
2012-12-02,1,0,0,0,1
2012-12-02,3,0,0,0,3
2012-11-30,1,2,3,0,1
2012-11-30,1,0,0,0,0
2012-11-27,2,0,0,0,2
2012-11-27,5,0,0,0,5
2012-11-27,1,0,0,0,1
2012-11-26,5,0,0,0,5
2012-11-26,5,0,0,0,5
2012-11-26,3,0,0,0,3
2012-11-25,1,0,0,0,1
2012-11-25,1,0,0,0,1
2012-11-25,4,0,0,0,4
2012-11-24,4,4,4,0,4
2012-11-24,4,0,0,0,4
2012-11-21,1,0,0,0,0
2012-11-21,5,0,0,0,5
2012-11-20,5,0,0,0,5
2012-11-20,4,0,0,0,4
2012-11-19,2,0,0,0,2
2012-11-16,3,0,0,0,3
2012-11-08,1,0,0,0,1
2012-11-05,1,0,0,0,1
2012-11-02,3,0,0,0,3
2012-10-27,1,0,0,0,1
2012-10-26,1,1,1,0,1
2012-10-24,5,0,0,0,0
2012-10-22,5,0,0,0,5
2012-10-21,5,0,0,0,5
2012-10-21,5,0,0,0,5
2012-10-18,1,0,0,0,1
2012-10-17,1,0,1,0,1
2012-10-16,5,0,0,0,5
2012-10-16,1,0,0,0,1
2012-10-16,5,0,0,0,5
2012-10-13,3,0,0,0,3
2012-10-08,1,0,0,0,1
2012-10-08,1,0,0,0,1
2012-10-08,1,0,0,0,1
2012-10-06,5,0,5,0,5
2012-10-06,5,0,0,0,5
2012-10-03,1,0,0,0,1
2012-10-02,4,0,0,0,4
2012-10-02,5,0,0,0,5
2012-10-01,1,0,0,0,1
2012-10-01,5,5,10,0,5
2012-09-30,1,0,0,0,1
2012-09-26,1,0,0,0,1
2012-09-25,1,0,0,0,1
2012-09-25,2,0,0,0,2
2012-09-24,5,0,0,0,5
2012-09-22,1,0,0,0,1
2012-09-17,3,0,0,0,3
2012-09-16,1,0,0,0,1
2012-09-13,1,0,0,0,1
2012-09-07,1,0,0,0,1
2012-09-06,5,0,0,0,5
2012-09-06,4,0,0,0,4
2012-09-06,1,0,0,0,1
2012-09-05,1,2,2,0,1
2012-09-04,3,0,0,0,3
2012-09-01,2,2,2,0,2
2012-08-29,4,0,0,0,4
2012-08-26,4,0,0,0,4
2012-08-25,1,0,0,0,1
2012-08-23,1,0,0,0,1
2012-08-23,1,0,0,0,1
2012-08-19,5,10,10,0,5
2012-08-19,1,0,0,0,1
2012-08-19,1,5,6,0,1
2012-08-17,1,0,0,0,0
2012-08-17,4,0,0,0,4
2012-08-17,1,1,1,0,0
2012-08-16,1,0,0,0,1
2012-08-15,1,0,0,0,1
2012-08-12,1,0,0,0,1
2012-08-12,1,0,1,0,1
2012-08-12,1,0,0,0,1
2012-08-11,2,0,0,0,2
2012-08-08,1,0,0,0,1
2012-08-06,5,0,0,0,5
2012-08-04,5,0,0,0,5
2012-08-02,5,0,0,0,5
2012-07-28,4,0,0,0,4
2012-07-28,1,0,0,0,1
2012-07-28,1,0,0,0,1
2012-07-26,3,0,0,0,3
2012-07-26,3,0,0,0,3
2012-07-22,1,0,0,0,1
2012-07-22,1,0,0,0,1
2012-07-21,3,0,0,0,3
2012-07-20,1,1,2,0,1
2012-07-16,1,0,0,0,1
2012-07-15,1,0,0,0,0
2012-07-13,1,0,0,0,1
2012-07-12,3,0,0,0,3
2012-07-12,4,0,0,0,4
2012-07-11,2,0,0,0,2
2012-07-11,5,0,0,0,5
2012-07-10,1,0,0,0,1
2012-07-10,1,0,0,0,1
2012-07-06,1,1,1,0,1
2012-07-05,4,0,0,0,4
2012-07-01,5,0,0,0,5
2012-07-01,1,1,1,0,1
2012-06-30,1,1,1,0,1
2012-06-29,5,25,25,0,5
2012-06-26,5,0,0,0,5
2012-06-26,2,0,0,0,2
2012-06-24,4,0,0,0,4
2012-06-23,5,0,0,0,5
2012-06-20,5,0,0,0,5
2012-06-20,1,0,0,0,1
2012-06-20,4,0,0,0,4
2012-06-15,1,0,0,0,1
2012-06-14,1,0,0,0,0
2012-06-13,4,0,0,0,4
2012-06-12,3,0,0,0,3
2012-06-12,4,0,0,0,4
2012-06-11,3,3,3,0,3
2012-06-11,1,1,1,0,1
2012-06-09,5,0,0,0,5
2012-06-06,5,0,0,0,5
2012-06-05,5,5,5,0,5
2012-06-04,1,0,0,0,1
2012-06-03,1,0,0,0,1
2012-06-02,3,0,3,0,3
2012-06-02,5,5,5,0,5
2012-06-01,4,8,8,0,4
2012-05-28,1,0,0,0,1
2012-05-22,1,0,0,0,1
2012-05-22,2,0,2,0,2
2012-05-19,1,0,0,0,1
2012-05-19,3,0,0,0,3
2012-05-18,3,0,0,0,0
2012-05-15,5,0,0,0,5
2012-05-12,1,0,0,0,1
2012-05-09,2,0,0,0,2
2012-05-08,4,0,0,0,4
2012-05-07,1,0,0,0,0
2012-05-06,4,0,0,0,4
2012-05-05,1,0,0,0,0
2012-05-03,2,0,2,0,0
2012-05-01,3,0,0,0,3
2012-05-01,3,0,0,0,0
2012-05-01,5,0,0,0,5
2012-04-30,1,0,0,0,1
2012-04-29,1,0,0,0,1
2012-04-27,5,10,10,0,5
2012-04-23,1,0,0,0,1
2012-04-19,1,0,0,0,1
2012-04-17,3,0,0,0,3
2012-04-16,4,0,0,0,4
2012-04-16,3,0,0,0,3
2012-04-16,4,4,8,0,4
2012-04-12,4,48,48,0,0
2012-04-09,1,0,0,0,0
2012-04-05,5,0,0,0,5
2012-04-05,5,0,0,0,5
2012-04-04,1,0,0,0,1
2012-04-04,5,5,10,0,5
2012-04-04,1,0,0,0,1
2012-04-01,5,0,0,0,5
2012-03-30,5,0,5,0,0
2012-03-28,5,10,10,0,5
2012-03-26,5,5,10,0,5
2012-03-23,4,4,4,0,4
2012-03-23,5,10,10,0,5
2012-03-23,1,1,2,0,1
2012-03-22,4,0,0,0,4
2012-03-18,1,0,0,0,1
2012-03-14,5,5,15,0,5
2012-03-12,1,2,3,0,0
2012-03-11,1,1,1,0,1
2012-03-10,5,5,5,0,5
2012-03-10,5,0,0,0,5
2012-03-09,2,4,4,0,2
2012-03-06,5,0,0,0,5
2012-03-05,4,8,8,0,4
2012-03-05,4,4,4,0,4
2012-03-04,1,1,1,0,1
2012-03-03,5,5,15,0,5
2012-02-28,3,0,0,0,3
2012-02-27,3,0,0,0,3
2012-02-26,3,0,0,0,3
2012-02-26,5,20,20,0,5
2012-02-25,1,0,0,0,1
2012-02-24,1,0,1,0,1
2012-02-18,2,0,0,0,0
2012-02-17,1,0,0,0,0
2012-02-17,1,1,1,0,1
2012-02-17,4,8,12,0,4
2012-02-16,5,0,0,0,5
2012-02-15,1,0,0,0,1
2012-02-13,1,0,0,0,1
2012-02-11,1,0,0,0,1
2012-02-09,4,8,8,0,4
2012-02-08,5,0,0,0,5
2012-02-07,1,0,0,0,1
2012-02-04,1,0,0,0,1
2012-02-02,1,0,1,0,1
2012-01-28,1,0,1,0,1
2012-01-27,4,0,0,0,4
2012-01-25,1,1,1,0,1
2012-01-25,3,0,0,0,3
2012-01-24,2,6,10,0,2
2012-01-24,1,0,1,0,1
2012-01-24,1,0,1,0,1
2012-01-23,1,0,0,0,0
2012-01-22,1,1,1,0,1
2012-01-22,1,0,0,0,1
2012-01-21,1,0,0,0,1
2012-01-20,1,0,0,0,1
2012-01-20,5,10,15,0,5
2012-01-19,1,0,0,0,1
2012-01-16,1,0,0,0,1
2012-01-16,5,5,10,0,5
2012-01-15,1,0,0,0,1
2012-01-14,4,4,4,0,4
2012-01-10,1,0,0,0,1
2012-01-10,5,0,0,0,5
2012-01-10,4,0,0,0,4
2012-01-08,5,0,0,0,5
2012-01-07,5,0,5,0,5
2012-01-06,5,5,5,0,5
2012-01-04,5,0,0,0,5
2012-01-03,1,2,2,0,1
2011-12-28,1,0,0,0,0
2011-12-28,5,5,5,0,5
2011-12-28,5,0,5,0,5
2011-12-25,1,0,0,0,1
2011-12-24,1,0,0,0,1
2011-12-23,1,0,0,0,1
2011-12-20,3,0,0,0,0
2011-12-19,4,0,0,0,4
2011-12-19,1,0,0,0,1
2011-12-16,1,0,0,0,1
2011-12-14,1,3,4,0,1
2011-12-14,3,0,0,0,3
2011-12-11,5,0,0,0,5
2011-12-11,1,0,0,0,1
2011-12-11,1,0,0,0,0
2011-12-10,1,0,1,0,1
2011-12-07,1,0,0,0,1
2011-12-05,1,0,0,0,0
2011-12-04,1,1,2,0,0
2011-12-03,5,0,0,0,5
2011-12-02,2,4,4,0,2
2011-12-01,4,0,0,0,0
2011-11-29,5,5,5,0,5
2011-11-28,1,0,0,0,1
2011-11-28,1,0,0,0,1
2011-11-26,1,0,0,0,1
2011-11-25,5,0,0,0,5
2011-11-22,5,0,0,0,5
2011-11-21,3,0,0,0,3
2011-11-20,1,0,0,0,0
2011-11-20,5,25,35,0,5
2011-11-19,5,45,50,0,5
2011-11-16,1,0,0,0,1
2011-11-16,5,0,0,0,5
2011-11-13,3,0,0,0,3
2011-11-11,5,5,10,0,5
2011-11-11,5,0,0,0,5
2011-11-09,5,0,0,0,5
2011-11-09,5,0,5,0,5
2011-11-09,5,0,0,0,5
2011-11-07,5,0,0,0,5
2011-11-04,1,0,0,0,1
2011-11-03,5,0,0,0,5
2011-11-02,4,0,0,0,4
2011-11-02,1,0,0,0,1
2011-11-01,1,5,5,0,1
2011-11-01,1,1,1,0,1
2011-11-01,1,1,1,0,1
2011-10-30,3,3,3,0,3
2011-10-24,2,2,2,0,2
2011-10-22,3,0,0,0,3
2011-10-22,5,130,145,0,5
2011-10-21,2,0,0,0,2
2011-10-16,5,0,0,0,5
2011-10-13,1,1,1,0,1
2011-10-13,5,0,0,0,5
2011-10-13,5,10,10,0,0
2011-10-12,1,0,0,0,1
2011-10-11,1,0,0,0,1
2011-10-11,3,0,0,0,3
2011-10-10,5,0,0,0,5
2011-10-09,5,5,5,0,5
2011-10-08,1,0,0,0,1
2011-10-08,1,0,0,0,1
2011-10-08,1,0,0,0,1
2011-10-06,2,0,0,0,0
2011-10-02,4,0,0,0,4
2011-09-29,1,0,0,0,1
2011-09-29,1,0,0,0,0
2011-09-28,3,9,9,0,3
2011-09-28,1,0,0,0,1
2011-09-22,5,0,0,0,5
2011-09-21,4,0,0,0,4
2011-09-20,1,2,3,0,1
2011-09-20,5,0,5,0,5
2011-09-18,1,0,0,0,1
2011-09-16,3,18,18,0,3
2011-09-11,1,0,0,0,1
2011-09-08,1,1,1,0,1
2011-09-07,5,5,5,0,5
2011-09-06,5,0,0,0,5
2011-09-06,1,0,0,0,1
2011-09-05,1,0,0,0,1
2011-09-02,4,4,8,0,4
2011-09-02,2,0,0,0,2
2011-09-01,1,0,1,0,1
2011-08-31,4,0,4,0,4
2011-08-31,1,1,1,0,1
2011-08-31,1,0,0,0,1
2011-08-31,1,0,1,0,1
2011-08-28,3,0,0,0,3
2011-08-23,4,4,4,0,4
2011-08-22,1,3,6,0,1
2011-08-21,3,9,12,0,3
2011-08-21,5,0,0,0,5
2011-08-20,1,0,0,0,1
2011-08-20,1,1,1,0,1
2011-08-20,5,0,0,0,5
2011-08-17,2,6,6,0,2
2011-08-16,3,0,0,0,3
2011-08-16,2,0,2,0,2
2011-08-13,1,1,1,0,1
2011-08-13,1,0,0,0,0
2011-08-08,4,0,4,0,4
2011-08-03,4,0,0,0,4
2011-08-02,1,1,1,0,0
2011-07-31,1,1,1,0,0
2011-07-28,5,0,5,0,5
2011-07-21,5,0,0,0,5
2011-07-18,5,0,5,0,5
2011-07-17,1,1,1,0,1
2011-07-17,2,2,4,0,2
2011-07-15,1,2,2,0,1
2011-07-05,1,1,1,0,1
2011-07-04,4,0,0,0,4
2011-07-03,5,5,10,0,5
2011-06-30,1,2,4,0,1
2011-06-27,1,1,1,0,1
2011-06-22,5,0,5,0,5
2011-06-21,1,1,1,0,1
2011-06-19,1,3,4,0,1
2011-06-14,4,0,0,0,4
2011-06-10,4,0,0,0,4
2011-06-09,1,4,6,0,1
2011-06-09,5,0,0,0,5
2011-06-09,1,0,0,0,1
2011-06-08,4,0,0,0,4
2011-06-01,5,25,25,0,5
2011-05-27,5,5,10,0,5
2011-05-25,1,0,0,0,1
2011-05-24,4,36,44,0,0
2011-05-24,1,1,2,0,1
2011-05-23,1,1,2,0,1
2011-05-22,3,6,9,0,3
2011-05-18,1,1,2,0,1
2011-05-17,5,0,0,0,5
2011-05-15,1,8,8,0,0
2011-05-13,1,2,3,0,1
2011-05-09,1,0,1,0,1
2011-05-06,1,0,1,0,1
2011-05-06,3,0,3,0,3
2011-05-05,1,0,1,0,1
2011-05-05,4,0,0,0,4
2011-05-04,1,1,1,0,1
2011-05-04,1,0,1,0,1
2011-04-28,3,0,0,0,3
2011-04-27,1,0,1,0,1
2011-04-27,1,0,0,0,1
2011-04-26,5,165,175,0,5
2011-04-26,1,0,0,0,1
2011-04-25,1,6,6,0,1
2011-04-23,1,0,0,0,1
2011-04-22,2,0,0,0,2
2011-04-19,1,0,0,0,1
2011-04-19,1,0,0,0,1
2011-04-17,1,0,0,0,1
2011-04-15,1,1,1,0,0
2011-04-12,3,0,0,0,3
2011-04-11,1,0,0,0,1
2011-04-10,5,15,15,0,5
2011-04-09,1,0,0,0,1
2011-04-07,1,0,0,0,1
2011-04-05,1,0,0,0,1
2011-04-05,3,0,0,0,0
2011-04-03,4,0,4,0,4
2011-04-03,5,0,5,0,5
2011-04-02,1,0,0,0,1
2011-04-01,1,0,0,0,1
2011-03-30,1,0,0,0,0
2011-03-29,1,0,0,0,1
2011-03-28,1,0,0,0,1
2011-03-26,5,80,90,0,0
2011-03-23,1,0,0,0,1
2011-03-22,5,5,5,0,5
2011-03-21,1,0,0,0,1
2011-03-21,1,0,0,0,1
2011-03-20,3,6,6,0,3
2011-03-20,1,0,0,0,1
2011-03-19,1,0,0,0,1
2011-03-19,1,0,0,0,1
2011-03-16,1,0,0,0,0
2011-03-15,3,0,0,0,3
2011-03-15,1,0,0,0,1
2011-03-12,1,0,0,0,1
2011-03-12,2,4,10,0,2
2011-03-11,5,0,0,0,5
2011-03-09,1,0,0,0,1
2011-03-04,3,3,3,0,3
2011-03-04,1,0,1,0,1
2011-03-03,1,0,1,0,1
2011-03-02,5,25,45,0,0
2011-03-02,5,0,0,0,5
2011-03-02,2,0,2,0,2
2011-02-28,1,0,1,0,1
2011-02-27,5,70,80,0,0
2011-02-25,1,0,1,0,1
2011-02-24,1,0,1,0,1
2011-02-22,1,0,0,0,1
2011-02-21,5,5,5,0,5
2011-02-18,3,0,0,0,0
2011-02-17,1,0,0,0,1
2011-02-13,1,0,0,0,1
2011-02-12,1,0,0,0,1
2011-02-12,1,0,0,0,1
2011-02-10,2,0,2,0,2
2011-02-10,1,0,0,0,1
2011-02-08,1,0,0,0,1
2011-02-04,1,0,0,0,1
2011-02-03,5,0,0,0,5
2011-02-02,2,0,0,0,2
2011-02-01,2,0,0,0,2
2011-01-29,1,0,0,0,0
2011-01-29,4,4,4,0,4
2011-01-29,5,0,10,0,5
2011-01-28,1,0,0,0,1
2011-01-27,3,0,0,0,3
2011-01-26,1,1,1,0,0
2011-01-24,1,0,0,0,1
2011-01-23,1,0,0,0,0
2011-01-22,1,0,0,0,1
2011-01-21,1,1,1,0,1
2011-01-17,1,3,4,0,0
2011-01-17,1,1,2,0,1
2011-01-14,1,1,1,0,1
2011-01-13,5,25,40,0,0
2011-01-12,3,0,0,0,3
2011-01-12,1,0,0,0,1
2011-01-10,1,0,0,0,1
2011-01-07,1,1,1,0,1
2011-01-05,1,1,1,0,1
2011-01-04,1,0,0,0,1
2011-01-02,3,15,15,0,0
2011-01-01,1,0,0,0,0
2011-01-01,1,0,0,0,0
2011-01-01,5,25,25,0,5
2010-12-30,1,0,0,0,1
2010-12-29,1,0,0,0,1
2010-12-29,1,0,0,0,1
2010-12-27,2,0,0,0,2
2010-12-27,2,0,0,0,0
2010-12-25,3,6,6,0,3
2010-12-24,1,0,0,0,1
2010-12-24,2,0,0,0,2
2010-12-23,1,0,0,0,1
2010-12-18,1,0,1,0,0
2010-12-18,1,0,0,0,1
2010-12-17,1,8,8,0,0
2010-12-16,5,5,5,0,0
2010-12-15,4,0,0,0,0
2010-12-15,5,0,0,0,5
2010-12-13,1,0,0,0,1
2010-12-13,1,0,0,0,1
2010-12-09,1,0,0,0,1
2010-12-07,1,1,1,0,1
2010-12-04,1,2,2,0,1
2010-12-03,3,0,0,0,3
2010-12-03,4,4,8,0,4
2010-12-02,1,0,0,0,1
2010-11-27,1,1,1,0,1
2010-11-24,3,9,15,0,3
2010-11-24,5,0,0,0,5
2010-11-22,1,1,1,0,1
2010-11-22,5,530,600,0,0
2010-11-21,1,0,0,0,1
2010-11-20,3,0,0,0,0
2010-11-20,1,0,0,0,1
2010-11-17,5,15,30,0,0
2010-11-17,1,0,0,0,1
2010-11-14,1,0,0,0,1
2010-11-12,1,0,0,0,1
2010-11-11,3,0,0,0,3
2010-11-07,1,0,0,0,1
2010-11-07,5,5,5,0,0
2010-11-05,1,0,0,0,1
2010-11-03,1,0,0,0,1
2010-10-30,4,0,4,0,4
2010-10-24,5,0,0,0,0
2010-10-22,1,0,0,0,1
2010-10-20,1,0,0,0,1
2010-10-15,1,0,0,0,1
2010-10-14,5,10,10,0,5
2010-10-14,1,0,0,0,1
2010-10-14,1,0,0,0,1
2010-10-13,1,0,0,0,1
2010-10-11,4,16,16,0,0
2010-10-03,3,0,0,0,3
2010-10-01,4,4,4,0,0
2010-10-01,5,10,15,0,0
2010-09-27,2,0,0,0,2
2010-09-25,1,0,0,0,0
2010-09-25,1,0,0,0,1
2010-09-24,3,3,3,0,3
2010-09-23,1,0,0,0,1
2010-09-22,2,2,2,0,2
2010-09-22,2,0,0,0,2
2010-09-22,1,0,1,0,1
2010-09-20,5,0,0,0,5
2010-09-19,5,50,50,0,5
2010-09-17,1,1,1,0,1
2010-09-17,3,0,0,0,3
2010-09-16,5,0,25,0,5
2010-09-15,1,0,0,0,0
2010-09-14,1,0,0,0,1
2010-09-12,4,12,12,0,0
2010-09-10,3,0,0,0,3
2010-09-09,5,0,0,0,5
2010-09-08,1,1,1,0,1
2010-09-07,5,2065,2265,0,5
2010-09-05,1,0,0,0,1
2010-09-02,1,0,0,0,1
2010-09-01,5,0,0,0,5
2010-08-31,1,0,3,0,0
2010-08-28,1,0,0,0,1
2010-08-28,2,0,0,0,0
2010-08-24,1,0,0,0,1
2010-08-24,1,0,0,0,0
2010-08-23,5,5,20,0,5
2010-08-21,5,15,50,0,0
2010-08-20,1,0,0,0,0
2010-08-16,1,5,5,0,0
2010-08-14,5,0,0,0,5
2010-08-10,1,0,0,0,1
2010-08-09,1,0,0,0,1
2010-08-08,2,0,0,0,2
2010-08-08,1,0,0,0,0
2010-08-05,4,0,0,0,4
2010-08-04,1,0,0,0,1
2010-08-03,3,12,15,0,0
2010-07-27,1,0,0,0,1
2010-07-27,4,0,0,0,4
2010-07-26,1,0,0,0,1
2010-07-26,2,0,0,0,0
2010-07-25,1,1,1,0,0
2010-07-24,5,0,0,0,5
2010-07-21,1,1,2,0,1
2010-07-15,2,0,0,0,2
2010-07-14,4,8,24,0,4
2010-07-14,5,0,0,0,5
2010-07-14,3,0,0,0,0
2010-07-08,1,2,3,0,1
2010-07-01,2,44,48,0,2
2010-07-01,4,4,4,0,0
2010-06-27,1,0,0,0,0
2010-06-26,1,0,0,0,0
2010-06-24,1,1,1,0,1
2010-06-21,1,0,0,0,1
2010-06-16,5,35,55,0,0
2010-06-16,1,0,0,0,1
2010-06-16,1,0,0,0,0
2010-06-13,1,0,0,0,1
2010-06-12,1,14,14,0,1
2010-06-04,4,84,84,0,0
2010-06-03,5,5,5,0,5
2010-05-28,1,2,3,0,1
2010-05-25,1,1,1,0,1
2010-05-25,1,0,0,0,1
2010-05-25,5,0,0,0,5
2010-05-15,5,0,0,0,5
2010-05-02,5,5,5,0,5
2010-05-01,4,0,0,0,4
2010-04-24,3,0,0,0,3
2010-04-24,5,5,45,0,5
2010-04-23,1,0,0,0,1
2010-04-23,1,0,0,0,1
2010-04-15,4,8,12,0,0
2010-04-13,5,0,0,0,0
2010-04-12,1,12,16,0,1
2010-04-07,4,4,8,0,0
2010-04-07,4,8,8,0,4
2010-04-06,4,0,0,0,0
2010-04-04,3,0,0,0,3
2010-03-30,5,0,0,0,5
2010-03-26,3,60,66,0,0
2010-03-26,1,0,0,0,1
2010-03-23,4,0,0,0,4
2010-03-22,5,0,0,0,5
2010-03-19,4,0,0,0,4
2010-03-17,1,0,0,0,1
2010-03-16,5,195,255,0,0
2010-03-12,1,1,1,0,1
2010-03-11,5,0,0,0,5
2010-03-09,1,0,0,0,1
2010-03-03,5,0,0,0,0
2010-03-01,3,0,0,0,3
2010-02-27,1,6,9,0,0
2010-02-24,3,0,0,0,3
2010-02-23,1,0,0,0,1
2010-02-17,2,0,0,0,0
2010-02-15,3,18,45,0,0
2010-02-14,4,4,4,0,4
2010-02-14,4,0,0,0,0
2010-02-11,5,0,0,0,5
2010-02-09,4,0,4,0,0
2010-02-09,4,0,0,0,4
2010-02-08,1,0,0,0,1
2010-02-06,1,0,0,0,0
2010-02-03,3,21,27,0,0
2010-02-02,1,0,0,0,1
2010-02-01,1,4,5,0,1
2010-01-31,5,0,0,0,5
2010-01-31,2,0,0,0,2
2010-01-28,1,0,0,0,0
2010-01-28,5,15,35,0,5
2010-01-27,1,2,3,0,1
2010-01-24,5,0,5,0,5
2010-01-21,1,0,0,0,1
2010-01-20,3,345,369,0,0
2010-01-18,3,3,3,0,0
2010-01-12,5,345,505,0,5
2010-01-07,4,4,4,0,0
2010-01-07,1,3,6,0,1
2010-01-05,1,2,4,0,0
2010-01-04,5,0,0,0,5
2009-12-29,1,0,1,0,0
2009-12-28,1,2,4,0,0
2009-12-21,3,3,9,0,3
2009-12-10,5,0,0,0,5
2009-12-03,1,2,3,0,1
2009-12-01,1,1,3,0,1
2009-11-27,5,0,0,0,5
2009-11-24,1,1,3,0,1
2009-11-21,1,0,0,0,1
2009-11-19,1,1,2,0,1
2009-11-19,1,54,72,0,0
2009-11-17,4,4,8,0,0
2009-11-16,4,28,32,0,4
2009-11-07,3,0,0,0,3
2009-11-05,3,3,3,0,3
2009-11-05,1,558,636,0,1
2009-10-28,3,0,0,0,3
2009-10-24,1,0,0,0,1
2009-10-21,3,30,39,0,0
2009-10-04,1,7,10,0,0
2009-09-21,5,0,0,0,0
2009-09-20,5,15,15,0,0
2009-09-17,5,5,10,0,5
2009-09-11,1,9,13,0,0
2009-09-10,1,2,4,0,0
2009-09-01,1,245,300,0,0
2009-08-29,1,2,5,0,0
2009-08-26,5,0,0,0,0
2009-08-26,4,4,4,0,4
2009-08-12,1,0,0,0,0
2009-08-08,1,0,0,0,1
2009-08-08,1,3,5,0,1
2009-08-01,5,5,10,0,0
2009-07-31,2,2,16,0,0
2009-07-29,4,0,0,0,0
2009-07-24,5,10,10,0,0
2009-07-24,1,4,6,0,0
2009-07-19,1,1,4,0,0
2009-07-12,4,4,4,0,0
2009-07-06,2,6,6,0,0
2009-06-27,5,85,85,0,0
2009-06-23,4,36,36,0,0
2009-06-21,1,1,4,0,0
2009-06-21,4,8,12,0,0
2009-06-15,2,0,0,0,0
2009-06-11,3,0,0,0,0
2009-05-18,5,10,10,0,5
2009-05-04,4,0,0,0,4
2009-04-28,1,0,1,0,0
2009-04-21,1,0,3,0,0
2009-03-22,4,12,12,0,0
2009-03-07,1,32,45,0,0
2009-03-04,2,4,4,0,2
2009-02-26,5,0,0,0,0
2009-02-25,5,0,0,0,5
2009-02-18,1,0,2,0,0
2009-01-26,1,2,4,0,0
2009-01-11,3,6,6,0,3
2008-12-30,1,2,3,0,1
2008-12-17,5,0,0,0,5
2008-12-12,1,21,26,0,1
2008-12-12,1,16,24,0,0
2008-11-16,5,5,5,0,0
2008-11-16,5,0,0,0,0
2008-10-29,4,8,24,0,0
2008-10-27,5,115,165,0,0
2008-10-18,2,0,0,0,2
2008-10-16,5,35,40,0,0
2008-10-08,5,0,0,0,0
2008-08-29,4,4,4,0,4
2008-08-28,1,2,2,0,0
2008-07-24,1,29,43,0,1
2008-05-31,1,26,38,0,1
2008-05-27,1,6,8,0,1
2008-05-14,1,2,12,0,0
2008-05-09,5,25,25,0,0
2008-04-30,5,0,0,0,0
2008-04-08,1,8,9,0,0
2008-04-05,1,9,10,0,0
2008-03-04,4,4,4,0,4
2008-02-23,5,5,5,0,5
2008-02-09,5,10,10,0,0
2007-12-23,5,15,15,0,5
2007-10-27,3,0,0,0,0
2007-08-21,5,20,20,0,0
2007-08-07,5,5,5,0,5
2007-08-04,5,0,0,0,0
2007-05-13,1,2,4,0,1
2003-10-21,3,0,3,0,0
